<code_scheme name="Default" version="173">
  <option name="RIGHT_MARGIN" value="80" />
  <option name="HTML_KEEP_LINE_BREAKS" value="false" />
  <option name="HTML_KEEP_LINE_BREAKS_IN_TEXT" value="false" />
  <option name="ALIGN_MULTILINE_PARAMETERS_IN_CALLS" value="true" />
  <option name="SOFT_MARGINS" value="80,120" />
  <HTMLCodeStyleSettings>
    <option name="HTML_KEEP_LINE_BREAKS" value="false" />
    <option name="HTML_KEEP_LINE_BREAKS_IN_TEXT" value="false" />
  </HTMLCodeStyleSettings>
  <codeStyleSettings language="HTML">
    <indentOptions>
      <option name="INDENT_SIZE" value="2" />
      <option name="CONTINUATION_INDENT_SIZE" value="4" />
      <option name="TAB_SIZE" value="2" />
    </indentOptions>
  </codeStyleSettings>
  <codeStyleSettings language="JSON">
    <indentOptions>
      <option name="INDENT_SIZE" value="4" />
    </indentOptions>
  </codeStyleSettings>
</code_scheme>