<application>
  <component name="FileTypeManager" version="17">
    <ignoreFiles list="*$py.class;*.hprof;*.pyc;*.pyo;*.rbc;*.yarb;*~;.DS_Store;.git;.hg;.svn;CVS;__pycache__;_svn;vssver.scc;vssver2.scc;" />
    <extensionMap>
      <mapping pattern="Procfile" type="PLAIN_TEXT" />
      <mapping pattern=".dir" type="PLAIN_TEXT" />
      <mapping ext="db-journal" type="PLAIN_TEXT" />
      <mapping ext="tmp" type="PLAIN_TEXT" />
      <mapping ext="mo" type="PLAIN_TEXT" />
      <mapping ext="db" type="PLAIN_TEXT" />
    </extensionMap>
  </component>
</application>