<application>
  <component name="ProjectManager">
    <defaultProject>
      <component name="ComposerJsonPluginSettings">
        <unboundedVersionInspectionSettings>
          <excludedPackages />
        </unboundedVersionInspectionSettings>
        <customRepositories />
        <composerUpdateOptions />
      </component>
      <component name="ComposerSettings">
        <execution>
          <executable />
        </execution>
      </component>
      <component name="GradleLocalSettings">
        <option name="projectSyncType">
          <map>
            <entry key="$USER_HOME$/Exercism/java/hello-world" value="PREVIEW" />
            <entry key="$USER_HOME$/Exercism/java/raindrops" value="PREVIEW" />
            <entry key="$USER_HOME$/Exercism/java/two-fer" value="PREVIEW" />
          </map>
        </option>
      </component>
      <component name="JsFlowSettings">
        <service-enabled>true</service-enabled>
        <exe-path />
        <other-services-enabled>true</other-services-enabled>
        <auto-save>true</auto-save>
      </component>
      <component name="PhpProjectSharedConfiguration" php_language_level="7.3" />
      <component name="PhpWorkspaceProjectConfiguration" interpreter_name="PHP 7.3" />
      <component name="PropertiesComponent">
        <property name="last_opened_file_path" value="$USER_HOME$/projects/python/env/bin/python3" />
        <property name="nodejs_interpreter_path.stuck_in_default_project" value="undefined stuck path" />
        <property name="nodejs_npm_path_reset_for_default_project" value="true" />
        <property name="settings.editor.selected.configurable" value="preferences.lookFeel" />
      </component>
      <component name="VcsContentAnnotationSettings">
        <option name="myLimit" value="2678400000" />
      </component>
    </defaultProject>
  </component>
</application>